method,nominal_level,side,kind,conditioner,timing,stat,df,p_value,n,regressors,expected_violation_rate,detail,p_holm,n_tests_in_family,implementable
MC-Dropout-Regime-LSTM-B,0.9,both,DQ incremental,regime,t-1 (implementable),7.17949649858096,2.0,0.027605279197157592,780,"regime_transitional(t-1), regime_crisis(t-1)",0.09999999999999998,"DQ_full=22.315 (df 7, p=0.002241) vs DQ_level+dynamics=15.136 (df 5, p=0.009798)",0.19323695438010313,7,True
MC-Dropout-Regime-LSTM-B,0.9,both,DQ incremental,transition,t-1 (implementable),0.43113258882065253,1.0,0.5114337268826864,780,transition_exante(t-1),0.09999999999999998,"DQ_full=15.567 (df 6, p=0.01628) vs DQ_level+dynamics=15.136 (df 5, p=0.009798)",1.0,7,True
MC-Dropout-Regime-LSTM-B,0.9,both,DQ incremental,width,t-1 (implementable),1.3293738732132567,1.0,0.2489166369251928,780,log_interval_width,0.09999999999999998,"DQ_full=16.465 (df 6, p=0.01146) vs DQ_level+dynamics=15.136 (df 5, p=0.009798)",0.9956665477007712,7,True
MC-Dropout-Regime-LSTM-B,0.9,both,difference in coverage,regime=calm,lagged t-1 (conditional / implementable),2.151595228476559,,0.03142924827021698,784,,0.09999999999999998,PICP 0.8373 (n=381) vs 0.8883 (n=403); z_iid=2.082 p_iid=0.03737,0.19323695438010313,7,True
MC-Dropout-Regime-LSTM-B,0.9,both,difference in coverage,regime=transitional,lagged t-1 (conditional / implementable),-1.1249573516834288,,0.26060710707169554,784,,0.09999999999999998,PICP 0.8795 (n=332) vs 0.8518 (n=452); z_iid=-1.118 p_iid=0.2635,0.9956665477007712,7,True
MC-Dropout-Regime-LSTM-B,0.9,both,difference in coverage,regime=crisis,lagged t-1 (conditional / implementable),-1.7960770591447799,,0.07248226238971042,784,,0.09999999999999998,PICP 0.9296 (n=71) vs 0.8569 (n=713); z_iid=-1.700 p_iid=0.0891,0.36241131194855214,7,True
MC-Dropout-Regime-LSTM-B,0.9,both,difference in coverage,regime transition (ex-ante),ex-ante 1{s_(t-1) != s_(t-2)} — known at t-1; implementable,0.3578459014670287,,0.7204586376511728,784,,0.09999999999999998,PICP 0.8475 (n=59) vs 0.8648 (n=725); z_iid=0.374 p_iid=0.7086,1.0,7,True
MC-Dropout-Regime-LSTM-B,0.9,upper,DQ incremental,regime,t-1 (implementable),6.855701419366714,2.0,0.03245662456962564,780,"regime_transitional(t-1), regime_crisis(t-1)",0.04999999999999999,"DQ_full=32.683 (df 7, p=3.033e-05) vs DQ_level+dynamics=25.828 (df 5, p=9.638e-05)",0.2271963719873795,7,True
MC-Dropout-Regime-LSTM-B,0.9,upper,DQ incremental,transition,t-1 (implementable),0.4759592521791838,1.0,0.49025833285469944,780,transition_exante(t-1),0.04999999999999999,"DQ_full=26.303 (df 6, p=0.0001954) vs DQ_level+dynamics=25.828 (df 5, p=9.638e-05)",1.0,7,True
MC-Dropout-Regime-LSTM-B,0.9,upper,DQ incremental,width,t-1 (implementable),1.8011176649991683,1.0,0.17957743334036375,780,log_interval_width,0.04999999999999999,"DQ_full=27.629 (df 6, p=0.0001104) vs DQ_level+dynamics=25.828 (df 5, p=9.638e-05)",0.718309733361455,7,True
MC-Dropout-Regime-LSTM-B,0.9,upper,difference in coverage,regime=calm,lagged t-1 (conditional / implementable),2.1348335175377833,,0.03277461140069012,784,,0.04999999999999999,PICP 0.8976 (n=381) vs 0.9380 (n=403); z_iid=2.061 p_iid=0.03929,0.2271963719873795,7,True
MC-Dropout-Regime-LSTM-B,0.9,upper,difference in coverage,regime=transitional,lagged t-1 (conditional / implementable),-1.733002539031295,,0.08309521750757294,784,,0.04999999999999999,PICP 0.9367 (n=332) vs 0.9049 (n=452); z_iid=-1.611 p_iid=0.1072,0.4154760875378647,7,True
MC-Dropout-Regime-LSTM-B,0.9,upper,difference in coverage,regime=crisis,lagged t-1 (conditional / implementable),-0.6991155866595886,,0.48447979846659495,784,,0.04999999999999999,PICP 0.9437 (n=71) vs 0.9158 (n=713); z_iid=-0.816 p_iid=0.4143,1.0,7,True
MC-Dropout-Regime-LSTM-B,0.9,upper,difference in coverage,regime transition (ex-ante),ex-ante 1{s_(t-1) != s_(t-2)} — known at t-1; implementable,0.5509934208754576,,0.5816381846308374,784,,0.04999999999999999,PICP 0.8983 (n=59) vs 0.9200 (n=725); z_iid=0.585 p_iid=0.5584,1.0,7,True
MC-Dropout-Regime-LSTM-B,0.95,both,DQ incremental,regime,t-1 (implementable),12.325077804610988,2.0,0.0021068972690921283,780,"regime_transitional(t-1), regime_crisis(t-1)",0.050000000000000044,"DQ_full=28.590 (df 7, p=0.0001718) vs DQ_level+dynamics=16.265 (df 5, p=0.006127)",0.014748280883644898,7,True
MC-Dropout-Regime-LSTM-B,0.95,both,DQ incremental,transition,t-1 (implementable),0.45190774287291546,1.0,0.5014303872580959,780,transition_exante(t-1),0.050000000000000044,"DQ_full=16.717 (df 6, p=0.01038) vs DQ_level+dynamics=16.265 (df 5, p=0.006127)",0.7408452831741508,7,True
MC-Dropout-Regime-LSTM-B,0.95,both,DQ incremental,width,t-1 (implementable),4.572272549589734,1.0,0.03249343320058652,780,log_interval_width,0.050000000000000044,"DQ_full=20.837 (df 6, p=0.001962) vs DQ_level+dynamics=16.265 (df 5, p=0.006127)",0.1299737328023461,7,True
MC-Dropout-Regime-LSTM-B,0.95,both,difference in coverage,regime=calm,lagged t-1 (conditional / implementable),3.057780359227589,,0.0022298294745143705,784,,0.050000000000000044,PICP 0.8950 (n=381) vs 0.9504 (n=403); z_iid=2.914 p_iid=0.003566,0.014748280883644898,7,True
MC-Dropout-Regime-LSTM-B,0.95,both,difference in coverage,regime=transitional,lagged t-1 (conditional / implementable),-2.4630179237898093,,0.013777302830368541,784,,0.050000000000000044,PICP 0.9488 (n=332) vs 0.9049 (n=452); z_iid=-2.286 p_iid=0.02225,0.0688865141518427,7,True
MC-Dropout-Regime-LSTM-B,0.95,both,difference in coverage,regime=crisis,lagged t-1 (conditional / implementable),-1.157793227722958,,0.24694842772471692,784,,0.050000000000000044,PICP 0.9577 (n=71) vs 0.9201 (n=713); z_iid=-1.139 p_iid=0.2546,0.7408452831741508,7,True
MC-Dropout-Regime-LSTM-B,0.95,both,difference in coverage,regime transition (ex-ante),ex-ante 1{s_(t-1) != s_(t-2)} — known at t-1; implementable,-1.0278566737651151,,0.30401725254485257,784,,0.050000000000000044,PICP 0.9492 (n=59) vs 0.9214 (n=725); z_iid=-0.772 p_iid=0.4403,0.7408452831741508,7,True
MC-Dropout-Regime-LSTM-B,0.95,upper,DQ incremental,regime,t-1 (implementable),13.793020160648823,2.0,0.0010113086635729158,780,"regime_transitional(t-1), regime_crisis(t-1)",0.025000000000000022,"DQ_full=38.940 (df 7, p=2.007e-06) vs DQ_level+dynamics=25.147 (df 5, p=0.0001305)",0.007079160645010411,7,True
MC-Dropout-Regime-LSTM-B,0.95,upper,DQ incremental,transition,t-1 (implementable),0.7617976580798889,1.0,0.38276653503095814,780,transition_exante(t-1),0.025000000000000022,"DQ_full=25.908 (df 6, p=0.0002316) vs DQ_level+dynamics=25.147 (df 5, p=0.0001305)",1.0,7,True
MC-Dropout-Regime-LSTM-B,0.95,upper,DQ incremental,width,t-1 (implementable),4.939103083405051,1.0,0.0262556576116423,780,log_interval_width,0.025000000000000022,"DQ_full=30.086 (df 6, p=3.786e-05) vs DQ_level+dynamics=25.147 (df 5, p=0.0001305)",0.1050226304465692,7,True
MC-Dropout-Regime-LSTM-B,0.95,upper,difference in coverage,regime=calm,lagged t-1 (conditional / implementable),2.6715591179677767,,0.0075499772099466384,784,,0.025000000000000022,PICP 0.9265 (n=381) vs 0.9677 (n=403); z_iid=2.592 p_iid=0.009543,0.03774988604973319,7,True
MC-Dropout-Regime-LSTM-B,0.95,upper,difference in coverage,regime=transitional,lagged t-1 (conditional / implementable),-2.734024310286269,,0.006256542493980279,784,,0.025000000000000022,PICP 0.9699 (n=332) vs 0.9314 (n=452); z_iid=-2.390 p_iid=0.01683,0.03753925496388168,7,True
MC-Dropout-Regime-LSTM-B,0.95,upper,difference in coverage,regime=crisis,lagged t-1 (conditional / implementable),-0.345504608787014,,0.729715046052652,784,,0.025000000000000022,PICP 0.9577 (n=71) vs 0.9467 (n=713); z_iid=-0.399 p_iid=0.6902,1.0,7,True
MC-Dropout-Regime-LSTM-B,0.95,upper,difference in coverage,regime transition (ex-ante),ex-ante 1{s_(t-1) != s_(t-2)} — known at t-1; implementable,-0.9012857494259224,,0.3674364087059394,784,,0.025000000000000022,PICP 0.9661 (n=59) vs 0.9462 (n=725); z_iid=-0.660 p_iid=0.5092,1.0,7,True
MC-Dropout-LSTM,0.9,both,DQ incremental,regime,t-1 (implementable),2.4557391642225284,2.0,0.2929159467996837,780,"regime_transitional(t-1), regime_crisis(t-1)",0.09999999999999998,"DQ_full=16.710 (df 7, p=0.01937) vs DQ_level+dynamics=14.254 (df 5, p=0.01407)",1.0,7,True
MC-Dropout-LSTM,0.9,both,DQ incremental,transition,t-1 (implementable),0.23687160718504607,1.0,0.6264747918587205,780,transition_exante(t-1),0.09999999999999998,"DQ_full=14.491 (df 6, p=0.02461) vs DQ_level+dynamics=14.254 (df 5, p=0.01407)",1.0,7,True
MC-Dropout-LSTM,0.9,both,DQ incremental,width,t-1 (implementable),0.17665620082243016,1.0,0.6742627378576846,780,log_interval_width,0.09999999999999998,"DQ_full=14.431 (df 6, p=0.02518) vs DQ_level+dynamics=14.254 (df 5, p=0.01407)",1.0,7,True
MC-Dropout-LSTM,0.9,both,difference in coverage,regime=calm,lagged t-1 (conditional / implementable),1.331267316703751,,0.18310106832924855,784,,0.09999999999999998,PICP 0.8478 (n=381) vs 0.8809 (n=403); z_iid=1.356 p_iid=0.1752,1.0,7,True
MC-Dropout-LSTM,0.9,both,difference in coverage,regime=transitional,lagged t-1 (conditional / implementable),-1.0170774739564854,,0.3091165753225643,784,,0.09999999999999998,PICP 0.8795 (n=332) vs 0.8540 (n=452); z_iid=-1.033 p_iid=0.3015,1.0,7,True
MC-Dropout-LSTM,0.9,both,difference in coverage,regime=crisis,lagged t-1 (conditional / implementable),-0.5854218944082173,,0.5582640705371742,784,,0.09999999999999998,PICP 0.8873 (n=71) vs 0.8626 (n=713); z_iid=-0.582 p_iid=0.5605,1.0,7,True
MC-Dropout-LSTM,0.9,both,difference in coverage,regime transition (ex-ante),ex-ante 1{s_(t-1) != s_(t-2)} — known at t-1; implementable,0.33891526850679765,,0.7346735618586886,784,,0.09999999999999998,PICP 0.8475 (n=59) vs 0.8662 (n=725); z_iid=0.405 p_iid=0.6855,1.0,7,True
MC-Dropout-LSTM,0.9,upper,DQ incremental,regime,t-1 (implementable),7.775925882494498,2.0,0.02048703685794545,780,"regime_transitional(t-1), regime_crisis(t-1)",0.04999999999999999,"DQ_full=38.091 (df 7, p=2.912e-06) vs DQ_level+dynamics=30.315 (df 5, p=1.279e-05)",0.1229222211476727,7,True
MC-Dropout-LSTM,0.9,upper,DQ incremental,transition,t-1 (implementable),0.34606239161665187,1.0,0.5563506231272431,780,transition_exante(t-1),0.04999999999999999,"DQ_full=30.661 (df 6, p=2.942e-05) vs DQ_level+dynamics=30.315 (df 5, p=1.279e-05)",1.0,7,True
MC-Dropout-LSTM,0.9,upper,DQ incremental,width,t-1 (implementable),4.51292196903497,1.0,0.033639726427870824,780,log_interval_width,0.04999999999999999,"DQ_full=34.828 (df 6, p=4.654e-06) vs DQ_level+dynamics=30.315 (df 5, p=1.279e-05)",0.1345589057114833,7,True
MC-Dropout-LSTM,0.9,upper,difference in coverage,regime=calm,lagged t-1 (conditional / implementable),2.2890399401552957,,0.022077031881367958,784,,0.04999999999999999,PICP 0.9003 (n=381) vs 0.9429 (n=403); z_iid=2.229 p_iid=0.02581,0.1229222211476727,7,True
MC-Dropout-LSTM,0.9,upper,difference in coverage,regime=transitional,lagged t-1 (conditional / implementable),-2.3771771278982485,,0.017445708481039948,784,,0.04999999999999999,PICP 0.9458 (n=332) vs 0.9049 (n=452); z_iid=-2.113 p_iid=0.03458,0.12211995936727964,7,True
MC-Dropout-LSTM,0.9,upper,difference in coverage,regime=crisis,lagged t-1 (conditional / implementable),-0.18018180017065816,,0.857009845952981,784,,0.04999999999999999,PICP 0.9296 (n=71) vs 0.9215 (n=713); z_iid=-0.244 p_iid=0.8076,1.0,7,True
MC-Dropout-LSTM,0.9,upper,difference in coverage,regime transition (ex-ante),ex-ante 1{s_(t-1) != s_(t-2)} — known at t-1; implementable,0.5369665756673805,,0.5912907021524166,784,,0.04999999999999999,PICP 0.8983 (n=59) vs 0.9241 (n=725); z_iid=0.712 p_iid=0.4763,1.0,7,True
MC-Dropout-LSTM,0.95,both,DQ incremental,regime,t-1 (implementable),5.820602179962595,2.0,0.05445933024170804,780,"regime_transitional(t-1), regime_crisis(t-1)",0.050000000000000044,"DQ_full=30.651 (df 7, p=7.21e-05) vs DQ_level+dynamics=24.830 (df 5, p=0.0001503)",0.3812153116919563,7,True
MC-Dropout-LSTM,0.95,both,DQ incremental,transition,t-1 (implementable),0.06327753955859805,1.0,0.8013886995678778,780,transition_exante(t-1),0.050000000000000044,"DQ_full=24.893 (df 6, p=0.0003573) vs DQ_level+dynamics=24.830 (df 5, p=0.0001503)",1.0,7,True
MC-Dropout-LSTM,0.95,both,DQ incremental,width,t-1 (implementable),0.9365408512761384,1.0,0.333169036790592,780,log_interval_width,0.050000000000000044,"DQ_full=25.767 (df 6, p=0.0002461) vs DQ_level+dynamics=24.830 (df 5, p=0.0001503)",1.0,7,True
MC-Dropout-LSTM,0.95,both,difference in coverage,regime=calm,lagged t-1 (conditional / implementable),1.768166270323572,,0.07703311120445641,784,,0.050000000000000044,PICP 0.9003 (n=381) vs 0.9380 (n=403); z_iid=1.941 p_iid=0.05227,0.46219866722673847,7,True
MC-Dropout-LSTM,0.95,both,difference in coverage,regime=transitional,lagged t-1 (conditional / implementable),-1.7202701353004235,,0.08538334942628689,784,,0.050000000000000044,PICP 0.9398 (n=332) vs 0.9049 (n=452); z_iid=-1.776 p_iid=0.07577,0.46219866722673847,7,True
MC-Dropout-LSTM,0.95,both,difference in coverage,regime=crisis,lagged t-1 (conditional / implementable),-0.24047155107050228,,0.8099647152433029,784,,0.050000000000000044,PICP 0.9296 (n=71) vs 0.9187 (n=713); z_iid=-0.323 p_iid=0.7468,1.0,7,True
MC-Dropout-LSTM,0.95,both,difference in coverage,regime transition (ex-ante),ex-ante 1{s_(t-1) != s_(t-2)} — known at t-1; implementable,0.10029676654916096,,0.9201087244699512,784,,0.050000000000000044,PICP 0.9153 (n=59) vs 0.9200 (n=725); z_iid=0.129 p_iid=0.8974,1.0,7,True
MC-Dropout-LSTM,0.95,upper,DQ incremental,regime,t-1 (implementable),13.439068681874929,2.0,0.001207100180243857,780,"regime_transitional(t-1), regime_crisis(t-1)",0.025000000000000022,"DQ_full=60.526 (df 7, p=1.185e-10) vs DQ_level+dynamics=47.087 (df 5, p=5.454e-09)",0.008449701261706999,7,True
MC-Dropout-LSTM,0.95,upper,DQ incremental,transition,t-1 (implementable),0.04752982140189488,1.0,0.8274187086911279,780,transition_exante(t-1),0.025000000000000022,"DQ_full=47.134 (df 6, p=1.759e-08) vs DQ_level+dynamics=47.087 (df 5, p=5.454e-09)",1.0,7,True
MC-Dropout-LSTM,0.95,upper,DQ incremental,width,t-1 (implementable),2.6302079776380296,1.0,0.10484797869851711,780,log_interval_width,0.025000000000000022,"DQ_full=49.717 (df 6, p=5.357e-09) vs DQ_level+dynamics=47.087 (df 5, p=5.454e-09)",0.41939191479406845,7,True
MC-Dropout-LSTM,0.95,upper,difference in coverage,regime=calm,lagged t-1 (conditional / implementable),1.9858267115643662,,0.04705256869844317,784,,0.025000000000000022,PICP 0.9265 (n=381) vs 0.9628 (n=403); z_iid=2.229 p_iid=0.02579,0.23526284349221582,7,True
MC-Dropout-LSTM,0.95,upper,difference in coverage,regime=transitional,lagged t-1 (conditional / implementable),-2.752732092928988,,0.005910023812113434,784,,0.025000000000000022,PICP 0.9699 (n=332) vs 0.9270 (n=452); z_iid=-2.606 p_iid=0.009158,0.03546014287268061,7,True
MC-Dropout-LSTM,0.95,upper,difference in coverage,regime=crisis,lagged t-1 (conditional / implementable),0.3822066312986803,,0.7023081035021794,784,,0.025000000000000022,PICP 0.9296 (n=71) vs 0.9467 (n=713); z_iid=0.604 p_iid=0.5455,1.0,7,True
MC-Dropout-LSTM,0.95,upper,difference in coverage,regime transition (ex-ante),ex-ante 1{s_(t-1) != s_(t-2)} — known at t-1; implementable,0.3087120040002355,,0.7575406116977441,784,,0.025000000000000022,PICP 0.9322 (n=59) vs 0.9462 (n=725); z_iid=0.454 p_iid=0.6496,1.0,7,True
LSTM-Gaussian,0.9,both,DQ incremental,regime,t-1 (implementable),2.905800805997142,2.0,0.23389092541586112,780,"regime_transitional(t-1), regime_crisis(t-1)",0.09999999999999998,"DQ_full=18.549 (df 7, p=0.009724) vs DQ_level+dynamics=15.643 (df 5, p=0.00794)",1.0,7,True
LSTM-Gaussian,0.9,both,DQ incremental,transition,t-1 (implementable),0.18108240661408637,1.0,0.6704446829075849,780,transition_exante(t-1),0.09999999999999998,"DQ_full=15.824 (df 6, p=0.01473) vs DQ_level+dynamics=15.643 (df 5, p=0.00794)",1.0,7,True
LSTM-Gaussian,0.9,both,DQ incremental,width,t-1 (implementable),0.40189589195775355,1.0,0.5261117601332458,780,log_interval_width,0.09999999999999998,"DQ_full=16.045 (df 6, p=0.01351) vs DQ_level+dynamics=15.643 (df 5, p=0.00794)",1.0,7,True
LSTM-Gaussian,0.9,both,difference in coverage,regime=calm,lagged t-1 (conditional / implementable),1.4144612256192535,,0.15722652434513054,784,,0.09999999999999998,PICP 0.8451 (n=381) vs 0.8809 (n=403); z_iid=1.457 p_iid=0.145,1.0,7,True
LSTM-Gaussian,0.9,both,difference in coverage,regime=transitional,lagged t-1 (conditional / implementable),-1.0924687116020886,,0.2746271357446115,784,,0.09999999999999998,PICP 0.8795 (n=332) vs 0.8518 (n=452); z_iid=-1.118 p_iid=0.2635,1.0,7,True
LSTM-Gaussian,0.9,both,difference in coverage,regime=crisis,lagged t-1 (conditional / implementable),-0.6175363990468621,,0.5368809804794444,784,,0.09999999999999998,PICP 0.8873 (n=71) vs 0.8612 (n=713); z_iid=-0.613 p_iid=0.5401,1.0,7,True
LSTM-Gaussian,0.9,both,difference in coverage,regime transition (ex-ante),ex-ante 1{s_(t-1) != s_(t-2)} — known at t-1; implementable,0.31368850557096545,,0.7537576316765278,784,,0.09999999999999998,PICP 0.8475 (n=59) vs 0.8648 (n=725); z_iid=0.374 p_iid=0.7086,1.0,7,True
LSTM-Gaussian,0.9,upper,DQ incremental,regime,t-1 (implementable),8.633547440418205,2.0,0.013342861980891973,780,"regime_transitional(t-1), regime_crisis(t-1)",0.04999999999999999,"DQ_full=40.438 (df 7, p=1.038e-06) vs DQ_level+dynamics=31.805 (df 5, p=6.494e-06)",0.09026129867510083,7,True
LSTM-Gaussian,0.9,upper,DQ incremental,transition,t-1 (implementable),0.30488166357992696,1.0,0.5808381178446166,780,transition_exante(t-1),0.04999999999999999,"DQ_full=32.110 (df 6, p=1.555e-05) vs DQ_level+dynamics=31.805 (df 5, p=6.494e-06)",1.0,7,True
LSTM-Gaussian,0.9,upper,DQ incremental,width,t-1 (implementable),5.6224674713947635,1.0,0.01773166780350551,780,log_interval_width,0.04999999999999999,"DQ_full=37.427 (df 6, p=1.453e-06) vs DQ_level+dynamics=31.805 (df 5, p=6.494e-06)",0.09026129867510083,7,True
LSTM-Gaussian,0.9,upper,difference in coverage,regime=calm,lagged t-1 (conditional / implementable),2.4107486682512884,,0.015919814719001578,784,,0.04999999999999999,PICP 0.8976 (n=381) vs 0.9429 (n=403); z_iid=2.349 p_iid=0.01884,0.09026129867510083,7,True
LSTM-Gaussian,0.9,upper,difference in coverage,regime=transitional,lagged t-1 (conditional / implementable),-2.486670645540754,,0.012894471239300117,784,,0.04999999999999999,PICP 0.9458 (n=332) vs 0.9027 (n=452); z_iid=-2.211 p_iid=0.02703,0.09026129867510083,7,True
LSTM-Gaussian,0.9,upper,difference in coverage,regime=crisis,lagged t-1 (conditional / implementable),-0.21120867749556427,,0.8327244398261634,784,,0.04999999999999999,PICP 0.9296 (n=71) vs 0.9201 (n=713); z_iid=-0.284 p_iid=0.7768,1.0,7,True
LSTM-Gaussian,0.9,upper,difference in coverage,regime transition (ex-ante),ex-ante 1{s_(t-1) != s_(t-2)} — known at t-1; implementable,0.5080954206556426,,0.6113864265854332,784,,0.04999999999999999,PICP 0.8983 (n=59) vs 0.9228 (n=725); z_iid=0.669 p_iid=0.5033,1.0,7,True
LSTM-Gaussian,0.95,both,DQ incremental,regime,t-1 (implementable),5.820602179962595,2.0,0.05445933024170804,780,"regime_transitional(t-1), regime_crisis(t-1)",0.050000000000000044,"DQ_full=30.651 (df 7, p=7.21e-05) vs DQ_level+dynamics=24.830 (df 5, p=0.0001503)",0.3812153116919563,7,True
LSTM-Gaussian,0.95,both,DQ incremental,transition,t-1 (implementable),0.06327753955859805,1.0,0.8013886995678778,780,transition_exante(t-1),0.050000000000000044,"DQ_full=24.893 (df 6, p=0.0003573) vs DQ_level+dynamics=24.830 (df 5, p=0.0001503)",1.0,7,True
LSTM-Gaussian,0.95,both,DQ incremental,width,t-1 (implementable),0.9366749933850826,1.0,0.33313441779554576,780,log_interval_width,0.050000000000000044,"DQ_full=25.767 (df 6, p=0.000246) vs DQ_level+dynamics=24.830 (df 5, p=0.0001503)",1.0,7,True
LSTM-Gaussian,0.95,both,difference in coverage,regime=calm,lagged t-1 (conditional / implementable),1.768166270323572,,0.07703311120445641,784,,0.050000000000000044,PICP 0.9003 (n=381) vs 0.9380 (n=403); z_iid=1.941 p_iid=0.05227,0.46219866722673847,7,True
LSTM-Gaussian,0.95,both,difference in coverage,regime=transitional,lagged t-1 (conditional / implementable),-1.7202701353004235,,0.08538334942628689,784,,0.050000000000000044,PICP 0.9398 (n=332) vs 0.9049 (n=452); z_iid=-1.776 p_iid=0.07577,0.46219866722673847,7,True
LSTM-Gaussian,0.95,both,difference in coverage,regime=crisis,lagged t-1 (conditional / implementable),-0.24047155107050228,,0.8099647152433029,784,,0.050000000000000044,PICP 0.9296 (n=71) vs 0.9187 (n=713); z_iid=-0.323 p_iid=0.7468,1.0,7,True
LSTM-Gaussian,0.95,both,difference in coverage,regime transition (ex-ante),ex-ante 1{s_(t-1) != s_(t-2)} — known at t-1; implementable,0.10029676654916096,,0.9201087244699512,784,,0.050000000000000044,PICP 0.9153 (n=59) vs 0.9200 (n=725); z_iid=0.129 p_iid=0.8974,1.0,7,True
LSTM-Gaussian,0.95,upper,DQ incremental,regime,t-1 (implementable),13.439068681874929,2.0,0.001207100180243857,780,"regime_transitional(t-1), regime_crisis(t-1)",0.025000000000000022,"DQ_full=60.526 (df 7, p=1.185e-10) vs DQ_level+dynamics=47.087 (df 5, p=5.454e-09)",0.008449701261706999,7,True
LSTM-Gaussian,0.95,upper,DQ incremental,transition,t-1 (implementable),0.04752982140189488,1.0,0.8274187086911279,780,transition_exante(t-1),0.025000000000000022,"DQ_full=47.134 (df 6, p=1.759e-08) vs DQ_level+dynamics=47.087 (df 5, p=5.454e-09)",1.0,7,True
LSTM-Gaussian,0.95,upper,DQ incremental,width,t-1 (implementable),2.646826279388705,1.0,0.103756858067589,780,log_interval_width,0.025000000000000022,"DQ_full=49.734 (df 6, p=5.316e-09) vs DQ_level+dynamics=47.087 (df 5, p=5.454e-09)",0.415027432270356,7,True
LSTM-Gaussian,0.95,upper,difference in coverage,regime=calm,lagged t-1 (conditional / implementable),1.9858267115643662,,0.04705256869844317,784,,0.025000000000000022,PICP 0.9265 (n=381) vs 0.9628 (n=403); z_iid=2.229 p_iid=0.02579,0.23526284349221582,7,True
LSTM-Gaussian,0.95,upper,difference in coverage,regime=transitional,lagged t-1 (conditional / implementable),-2.752732092928988,,0.005910023812113434,784,,0.025000000000000022,PICP 0.9699 (n=332) vs 0.9270 (n=452); z_iid=-2.606 p_iid=0.009158,0.03546014287268061,7,True
LSTM-Gaussian,0.95,upper,difference in coverage,regime=crisis,lagged t-1 (conditional / implementable),0.3822066312986803,,0.7023081035021794,784,,0.025000000000000022,PICP 0.9296 (n=71) vs 0.9467 (n=713); z_iid=0.604 p_iid=0.5455,1.0,7,True
LSTM-Gaussian,0.95,upper,difference in coverage,regime transition (ex-ante),ex-ante 1{s_(t-1) != s_(t-2)} — known at t-1; implementable,0.3087120040002355,,0.7575406116977441,784,,0.025000000000000022,PICP 0.9322 (n=59) vs 0.9462 (n=725); z_iid=0.454 p_iid=0.6496,1.0,7,True
Quantile-LSTM,0.9,both,DQ incremental,regime,t-1 (implementable),0.837568590742606,2.0,0.6578460804091404,780,"regime_transitional(t-1), regime_crisis(t-1)",0.09999999999999998,"DQ_full=58.999 (df 7, p=2.391e-10) vs DQ_level+dynamics=58.161 (df 5, p=2.913e-11)",1.0,7,True
Quantile-LSTM,0.9,both,DQ incremental,transition,t-1 (implementable),1.8776685752900946,1.0,0.17059936611402832,780,transition_exante(t-1),0.09999999999999998,"DQ_full=60.039 (df 6, p=4.419e-11) vs DQ_level+dynamics=58.161 (df 5, p=2.913e-11)",1.0,7,True
Quantile-LSTM,0.9,both,DQ incremental,width,t-1 (implementable),0.19709318871810666,1.0,0.6570774421969132,780,log_interval_width,0.09999999999999998,"DQ_full=58.359 (df 6, p=9.693e-11) vs DQ_level+dynamics=58.161 (df 5, p=2.913e-11)",1.0,7,True
Quantile-LSTM,0.9,both,difference in coverage,regime=calm,lagged t-1 (conditional / implementable),0.7058259226823793,,0.4802963991735114,784,,0.09999999999999998,PICP 0.8110 (n=381) vs 0.8313 (n=403); z_iid=0.740 p_iid=0.4595,1.0,7,True
Quantile-LSTM,0.9,both,difference in coverage,regime=transitional,lagged t-1 (conditional / implementable),-0.41886380364607784,,0.6753156718269231,784,,0.09999999999999998,PICP 0.8283 (n=332) vs 0.8164 (n=452); z_iid=-0.431 p_iid=0.6662,1.0,7,True
Quantile-LSTM,0.9,both,difference in coverage,regime=crisis,lagged t-1 (conditional / implementable),-0.5355818228362282,,0.5922475941438594,784,,0.09999999999999998,PICP 0.8451 (n=71) vs 0.8191 (n=713); z_iid=-0.545 p_iid=0.5855,1.0,7,True
Quantile-LSTM,0.9,both,difference in coverage,regime transition (ex-ante),ex-ante 1{s_(t-1) != s_(t-2)} — known at t-1; implementable,0.7437724297321457,,0.45701416229268454,784,,0.09999999999999998,PICP 0.7797 (n=59) vs 0.8248 (n=725); z_iid=0.871 p_iid=0.3837,1.0,7,True
Quantile-LSTM,0.9,upper,DQ incremental,regime,t-1 (implementable),9.23423077745528,2.0,0.009881258579684122,780,"regime_transitional(t-1), regime_crisis(t-1)",0.04999999999999999,"DQ_full=89.204 (df 7, p=1.803e-16) vs DQ_level+dynamics=79.970 (df 5, p=8.515e-16)",0.06916881005778885,7,True
Quantile-LSTM,0.9,upper,DQ incremental,transition,t-1 (implementable),1.320129714246221,1.0,0.25056877236395925,780,transition_exante(t-1),0.04999999999999999,"DQ_full=81.290 (df 6, p=1.934e-15) vs DQ_level+dynamics=79.970 (df 5, p=8.515e-16)",0.7517063170918777,7,True
Quantile-LSTM,0.9,upper,DQ incremental,width,t-1 (implementable),2.2267926647254512,1.0,0.1356351467062436,780,log_interval_width,0.04999999999999999,"DQ_full=82.196 (df 6, p=1.256e-15) vs DQ_level+dynamics=79.970 (df 5, p=8.515e-16)",0.5425405868249744,7,True
Quantile-LSTM,0.9,upper,difference in coverage,regime=calm,lagged t-1 (conditional / implementable),2.0433184535972693,,0.04102092400158607,784,,0.04999999999999999,PICP 0.8714 (n=381) vs 0.9181 (n=403); z_iid=2.137 p_iid=0.03263,0.24612554400951642,7,True
Quantile-LSTM,0.9,upper,difference in coverage,regime=transitional,lagged t-1 (conditional / implementable),-1.635082121159974,,0.10203183359279741,784,,0.04999999999999999,PICP 0.9157 (n=332) vs 0.8805 (n=452); z_iid=-1.588 p_iid=0.1122,0.5101591679639871,7,True
Quantile-LSTM,0.9,upper,difference in coverage,regime=crisis,lagged t-1 (conditional / implementable),-0.8270803161849006,,0.4081915401017012,784,,0.04999999999999999,PICP 0.9296 (n=71) vs 0.8920 (n=713); z_iid=-0.987 p_iid=0.3239,0.8163830802034024,7,True
Quantile-LSTM,0.9,upper,difference in coverage,regime transition (ex-ante),ex-ante 1{s_(t-1) != s_(t-2)} — known at t-1; implementable,0.6715895770952071,,0.5018450155144922,784,,0.04999999999999999,PICP 0.8644 (n=59) vs 0.8979 (n=725); z_iid=0.809 p_iid=0.4184,0.8163830802034024,7,True
